{
    "@class": "com.kony.gen.viz.model.component.KVizImage2",
    "DNDConfig": null,
    "__parentReadjusting__": false,
    "_base64_": null,
    "_height_": {
        "type": "string",
        "value": "26dp"
    },
    "_left_": {
        "type": "string",
        "value": "10dp"
    },
    "_margin_": [
        0,
        0,
        0,
        0
    ],
    "_padding_": [
        0,
        0,
        0,
        0
    ],
    "_skin_": "s5582a73fdef4293af7db6e3ffc3332f",
    "_src_": "unchecked.png",
    "_width_": {
        "type": "string",
        "value": "23dp"
    },
    "canUpdateUI": true,
    "centery": {
        "type": "string",
        "value": "50%"
    },
    "containerweight": 100,
    "context": {
        "channel": "mobile",
        "formID": "uwua997f6306fd4399a7ba28e0364a1d11",
        "platform": "android",
        "templateType": "userwidgets",
        "topLevelBox": null
    },
    "id": "imgRememberMe",
    "imagescalemode": 1,
    "info": null,
    "iscustomlayout": false,
    "isvisible": true,
    "kuid": "f7d070112b154e06a24d105fc517d578",
    "name": "kony.ui.Image2",
    "parent": "flexRememberMe",
    "pf": "userwidgetmodel",
    "retaincontentalignment": false,
    "retainflexpositionproperties": false,
    "srcType": 1,
    "wType": "Image",
    "widgetalignment": 5,
    "zindex": 1
}