{
    "@class": "com.kony.gen.viz.model.component.KVizTextBox2",
    "DNDConfig": null,
    "__parentReadjusting__": false,
    "_height_": {
        "type": "string",
        "value": "40dp"
    },
    "_margin_": [
        0,
        0,
        0,
        0
    ],
    "_padding_": [
        3,
        0,
        0,
        0
    ],
    "_placeholder_": "Password",
    "_skin_": "s3f5fe75f1cc4931b84ec1df48af6279",
    "_text_": "",
    "_top_": {
        "type": "string",
        "value": "20dp"
    },
    "_width_": {
        "type": "string",
        "value": "85%"
    },
    "autocapitalize": "none",
    "autocomplete": false,
    "autocorrect": false,
    "autofilter": false,
    "canUpdateUI": true,
    "centerx": {
        "type": "string",
        "value": "50%"
    },
    "containerheight": "",
    "containerheightmode": 1,
    "containerweight": 100,
    "contentalignment": 4,
    "focusskin": "se825ca60be64877ac1bdf6caf631be1",
    "id": "tbxPassword",
    "ide_onDone": "AS_TextField_e0046a99df7445aab7bd23841d180b92",
    "info": null,
    "iscustomlayout": false,
    "isvisible": true,
    "keyboardtype": "A",
    "kuid": "j94dce0c167d45089a1dec6f28406cf8",
    "mode": "A",
    "name": "kony.ui.TextBox2",
    "parent": "flexLoginCard",
    "pf": "userwidgetmodel",
    "placeholderskin": "saa080e8124748f68e83b24b151e0c0d",
    "retaincontentalignment": false,
    "retainflexpositionproperties": false,
    "securetextentry": true,
    "textinputmode": "A",
    "tooltip": "",
    "viewtype": "default",
    "wType": "TextField",
    "zindex": 1
}