{
    "AS_TextField_g15661516d354eaeb172bc67097a85fa": {
        "id": "AS_TextField_g15661516d354eaeb172bc67097a85fa",
        "type": "ACTION_SEQUENCE",
        "params": [{
            "datatype": "collection",
            "name": "eventobject"
        }, {
            "datatype": "string",
            "name": "changedtext"
        }],
        "contextObj": {
            "name": "uwua997f6306fd4399a7ba28e0364a1d11",
            "type": "userwidgets",
            "KUID": "ua997f6306fd4399a7ba28e0364a1d11"
        },
        "language": "js",
        "actions": [{
            "id": "RAISE_CUSTOM_EVENT___hffa279ce1f7493d8c8e9ede00c9c931",
            "type": "RAISE_CUSTOM_EVENT",
            "customEvent": "validateUsername",
            "inputparams": [],
            "parentId": null,
            "callbackType": null
        }]
    }
}