{
  "android": {
    "background_color": {
      "angle": 180,
      "colors": [
        "b0b0ffff",
        "9393edff",
        "6363f7ff"
      ],
      "cs": [
        0,
        48,
        94
      ],
      "gradientType": "toBottom",
      "gt": "linear"
    },
    "background_style": "linear",
    "bg_type": "ms_gradient",
    "font_name": "default",
    "isForked": true
  },
  "background_color": "00000000",
  "bg_type": "one",
  "border_color": "000000ff",
  "border_style": "plain",
  "border_type": 0,
  "border_width": 0,
  "iphone": {
    "background_color": {
      "angle": 180,
      "colors": [
        "b0b0ffff",
        "9393edff",
        "6363f7ff"
      ],
      "cs": [
        0,
        48,
        94
      ],
      "gradientType": "toBottom",
      "gt": "linear"
    },
    "background_style": "linear",
    "bg_type": "ms_gradient",
    "font_name": "System",
    "isForked": true
  },
  "isDefaultSkin": false,
  "kuid": "s892bb96240f438abe10c3cfc282754e",
  "spaan": {
    "background_color": {
      "angle": 180,
      "colors": [
        "b0b0ffff",
        "9393edff",
        "6363f7ff"
      ],
      "cs": [
        0,
        48,
        94
      ],
      "gradientType": "toBottom",
      "gt": "linear"
    },
    "background_style": "linear",
    "bg_type": "ms_gradient",
    "bottom_left_border_color": "000000ff",
    "bottom_left_border_style": "plain",
    "bottom_left_border_width": 0,
    "bottom_right_border_color": "000000ff",
    "bottom_right_border_style": "plain",
    "bottom_right_border_width": 0,
    "font_name": "Helvetica",
    "isForked": true,
    "top_left_border_color": "000000ff",
    "top_left_border_style": "plain",
    "top_left_border_width": 0,
    "top_right_border_color": "000000ff",
    "top_right_border_style": "plain",
    "top_right_border_width": 0
  },
  "spaip": {
    "background_color": {
      "angle": 180,
      "colors": [
        "b0b0ffff",
        "9393edff",
        "6363f7ff"
      ],
      "cs": [
        0,
        48,
        94
      ],
      "gradientType": "toBottom",
      "gt": "linear"
    },
    "background_style": "linear",
    "bg_type": "ms_gradient",
    "bottom_left_border_color": "000000ff",
    "bottom_left_border_style": "plain",
    "bottom_left_border_width": 0,
    "bottom_right_border_color": "000000ff",
    "bottom_right_border_style": "plain",
    "bottom_right_border_width": 0,
    "font_name": "Helvetica",
    "isForked": true,
    "top_left_border_color": "000000ff",
    "top_left_border_style": "plain",
    "top_left_border_width": 0,
    "top_right_border_color": "000000ff",
    "top_right_border_style": "plain",
    "top_right_border_width": 0
  },
  "wType": "FlexContainer"
}