{
    "classname": "basiclogin",
    "definitions": {
        "apis": {
            "custom": [
                {
                    "group": "General",
                    "kuid": "a66deb336b2043b3b2a801e8dc2a3e0b",
                    "paramList": [],
                    "propertyKey": "getUsername",
                    "pw": {
                        "displayName": "getUsername",
                        "uiRepresentation": "Label-Label-Button-Button"
                    },
                    "srcWgtKUID": "c13e99ad5ce84b138129d0124121b382",
                    "type": "event"
                },
                {
                    "group": "General",
                    "kuid": "f91a18f89bdf4b678e938d320611b067",
                    "paramList": [],
                    "propertyKey": "getPassword",
                    "pw": {
                        "displayName": "getPassword",
                        "uiRepresentation": "Label-Label-Button-Button"
                    },
                    "srcWgtKUID": "c13e99ad5ce84b138129d0124121b382",
                    "type": "event"
                }
            ],
            "passthrough": []
        },
        "events": {
            "custom": [
                {
                    "group": "General",
                    "kuid": "a67426e7097b4ede84617beefe6aedcf",
                    "paramList": [],
                    "propertyIndex": 1,
                    "propertyKey": "validateUsername",
                    "pw": {
                        "displayName": "validateUsername",
                        "uiRepresentation": "Label-Label-Button-Button"
                    },
                    "srcWgtKUID": "c13e99ad5ce84b138129d0124121b382",
                    "type": "event"
                },
                {
                    "group": "General",
                    "kuid": "e794666569a040a7a9060a30822c2cf8",
                    "paramList": [
                        {
                            "name": "error"
                        }
                    ],
                    "propertyIndex": 1,
                    "propertyKey": "loginFailureEvent",
                    "pw": {
                        "displayName": "loginFailureEvent",
                        "uiRepresentation": "Label-Label-Button-Button"
                    },
                    "srcWgtKUID": "c13e99ad5ce84b138129d0124121b382",
                    "type": "event"
                },
                {
                    "group": "General",
                    "kuid": "g965e41cab8345d3a50221c01b2b70bf",
                    "paramList": [],
                    "propertyIndex": 1,
                    "propertyKey": "validatePassword",
                    "pw": {
                        "displayName": "validatePassword",
                        "uiRepresentation": "Label-Label-Button-Button"
                    },
                    "srcWgtKUID": "c13e99ad5ce84b138129d0124121b382",
                    "type": "event"
                },
                {
                    "group": "General",
                    "kuid": "da27eb0af5f24d51a52af4eff99065b3",
                    "paramList": [
                        {
                            "name": "response"
                        }
                    ],
                    "propertyIndex": 1,
                    "propertyKey": "loginSuccessEvent",
                    "pw": {
                        "displayName": "loginSuccessEvent",
                        "uiRepresentation": "Label-Label-Button-Button"
                    },
                    "srcWgtKUID": "c13e99ad5ce84b138129d0124121b382",
                    "type": "event"
                }
            ],
            "passthrough": []
        },
        "groups": {
            "apis": [
                "General"
            ],
            "events": [
                "Input Validations",
                "Login Events"
            ],
            "properties": [],
            "widgets": []
        },
        "properties": {
            "custom": [
                {
                    "access": "Write",
                    "defaultValue": "Login Failed!",
                    "group": "General",
                    "kuid": "ac87115e22ba48e48740020e7810fde4",
                    "originalPropertyKey": "loginFailureMessage",
                    "propertyIndex": 14,
                    "propertyKey": "loginFailureMessage",
                    "pw": {
                        "displayName": "Login Failure Message",
                        "uiRepresentation": "Label-Textbox"
                    },
                    "srcWgtKUID": "c13e99ad5ce84b138129d0124121b382",
                    "type": "string",
                    "value": ""
                }
            ],
            "passthrough": [
                {
                    "access": "Enable",
                    "defaultSkinKUID": "s892bb96240f438abe10c3cfc282754e",
                    "group": "General",
                    "kuid": "b253118b2d724db1a2cc1800befdb48b",
                    "originalPropertyKey": "skin",
                    "propertyIndex": 1,
                    "propertyKey": "loginBackgroundSkin",
                    "pw": {
                        "access": "readwrite",
                        "category": "skin",
                        "dependentKeysKUIDs": null,
                        "displayName": "loginBackgroundSkin",
                        "srcWidget": "flexLogin",
                        "wType": "FlexContainer"
                    },
                    "srcWgtKUID": "b24d865f37604d61814e147fa4adfdef"
                },
                {
                    "access": "Enable",
                    "defaultSkinKUID": "sb4fc8ff04d741789317d173dd2f53e5",
                    "group": "General",
                    "kuid": "j956a76826a647ff9853a88d3c131b95",
                    "originalPropertyKey": "skin",
                    "propertyIndex": 2,
                    "propertyKey": "loginCardBackgroundSkin",
                    "pw": {
                        "access": "readwrite",
                        "category": "skin",
                        "dependentKeysKUIDs": null,
                        "displayName": "loginCardBackgroundSkin",
                        "srcWidget": "flexLoginCard",
                        "wType": "FlexContainer"
                    },
                    "srcWgtKUID": "c926992621ea4ddf910564e87ba0fc79"
                },
                {
                    "access": "Enable",
                    "group": "General",
                    "kuid": "e0071422b71744d1a16d5cb52f92180a",
                    "originalPropertyKey": "src",
                    "propertyIndex": 3,
                    "propertyKey": "logoSource",
                    "pw": {
                        "access": "readwrite",
                        "category": "widget",
                        "dependentKeysKUIDs": null,
                        "displayName": "logoSource",
                        "srcWidget": "imgLogo",
                        "type": "string",
                        "uiConfig": {
                            "Button": {
                                "dataRetrieverId": "Imagelist",
                                "dataUpdaterId": "Imagelist",
                                "popupId": "Imagelist",
                                "type": "ImageEditBtn"
                            },
                            "Label": {}
                        },
                        "uiRepresentation": "Label-Label-Button",
                        "wType": "Image"
                    },
                    "srcWgtKUID": "a857fd09d1114eb287321c979f01e23f"
                },
                {
                    "access": "Enable",
                    "defaultSkinKUID": "s3f5fe75f1cc4931b84ec1df48af6279",
                    "group": "General",
                    "kuid": "fdee02955b6d4311bd6a1d9a83824051",
                    "originalPropertyKey": "skin",
                    "propertyIndex": 4,
                    "propertyKey": "userNameSkin",
                    "pw": {
                        "access": "readwrite",
                        "category": "skin",
                        "dependentKeysKUIDs": null,
                        "displayName": "userNameSkin",
                        "srcWidget": "tbxUserName",
                        "wType": "TextField"
                    },
                    "srcWgtKUID": "ce03d3b81e34449d8d472cdc3b284c10"
                },
                {
                    "access": "Enable",
                    "defaultSkinKUID": "s3f5fe75f1cc4931b84ec1df48af6279",
                    "group": "General",
                    "kuid": "fee14b0cf3a0494fb51aaad6880c267c",
                    "originalPropertyKey": "skin",
                    "propertyIndex": 5,
                    "propertyKey": "passwordSkin",
                    "pw": {
                        "access": "readwrite",
                        "category": "skin",
                        "dependentKeysKUIDs": null,
                        "displayName": "passwordSkin",
                        "srcWidget": "tbxPassword",
                        "wType": "TextField"
                    },
                    "srcWgtKUID": "j94dce0c167d45089a1dec6f28406cf8"
                },
                {
                    "access": "Enable",
                    "group": "General",
                    "kuid": "e9a4fb583aa54650926b488ce123bc89",
                    "originalPropertyKey": "placeholder",
                    "propertyIndex": 6,
                    "propertyKey": "userNamePlaceholder",
                    "pw": {
                        "access": "readwrite",
                        "category": "widget",
                        "dependentKeysKUIDs": null,
                        "displayName": "userNamePlaceholder",
                        "srcWidget": "tbxUserName",
                        "supportedPlatforms": {
                            "mobile": [
                                "iphone",
                                "android",
                                "winphone8",
                                "spa"
                            ],
                            "tablet": [
                                "ipad",
                                "android",
                                "windows8",
                                "spa"
                            ]
                        },
                        "type": "string",
                        "uiRepresentation": "Label-Textbox",
                        "wType": "TextField"
                    },
                    "srcWgtKUID": "ce03d3b81e34449d8d472cdc3b284c10"
                },
                {
                    "access": "Enable",
                    "group": "General",
                    "kuid": "f52e0d29871340af814b4a407d3c3307",
                    "originalPropertyKey": "placeholder",
                    "propertyIndex": 7,
                    "propertyKey": "passwordPlaceholder",
                    "pw": {
                        "access": "readwrite",
                        "category": "widget",
                        "dependentKeysKUIDs": null,
                        "displayName": "passwordPlaceholder",
                        "srcWidget": "tbxPassword",
                        "supportedPlatforms": {
                            "mobile": [
                                "iphone",
                                "android",
                                "winphone8",
                                "spa"
                            ],
                            "tablet": [
                                "ipad",
                                "android",
                                "windows8",
                                "spa"
                            ]
                        },
                        "type": "string",
                        "uiRepresentation": "Label-Textbox",
                        "wType": "TextField"
                    },
                    "srcWgtKUID": "j94dce0c167d45089a1dec6f28406cf8"
                },
                {
                    "access": "Enable",
                    "defaultSkinKUID": "s4ce60e64e804cfaa40cac561791dc9c",
                    "group": "General",
                    "kuid": "eac5a53df053480e9ee749fcb26dbe85",
                    "originalPropertyKey": "skin",
                    "propertyIndex": 8,
                    "propertyKey": "loginButtonSkin",
                    "pw": {
                        "access": "readwrite",
                        "category": "skin",
                        "dependentKeysKUIDs": null,
                        "displayName": "loginButtonSkin",
                        "srcWidget": "btnLogin",
                        "wType": "Button"
                    },
                    "srcWgtKUID": "ec235297b39a4021ba796f2438349e11"
                },
                {
                    "access": "Enable",
                    "defaultSkinKUID": "s2e9b87b910348a88401d1a62a77c606",
                    "group": "General",
                    "kuid": "je5dce2a87b34ab6bea6b0875037c060",
                    "originalPropertyKey": "focusSkin",
                    "propertyIndex": 9,
                    "propertyKey": "loginButtonFocusSkin",
                    "pw": {
                        "access": "readwrite",
                        "category": "skin",
                        "dependentKeysKUIDs": null,
                        "displayName": "loginButtonFocusSkin",
                        "srcWidget": "btnLogin",
                        "wType": "Button"
                    },
                    "srcWgtKUID": "ec235297b39a4021ba796f2438349e11"
                },
                {
                    "access": "Enable",
                    "group": "General",
                    "kuid": "hf6e12625c4a4c2f8106ce3aa53fb264",
                    "originalPropertyKey": "text",
                    "propertyIndex": 10,
                    "propertyKey": "loginButtonText",
                    "pw": {
                        "access": "readwrite",
                        "category": "look",
                        "dependentKeysKUIDs": null,
                        "displayName": "loginButtonText",
                        "srcWidget": "btnLogin",
                        "type": "string",
                        "uiRepresentation": "Label-Textbox",
                        "wType": "Button"
                    },
                    "srcWgtKUID": "ec235297b39a4021ba796f2438349e11"
                },
                {
                    "access": "Enable",
                    "group": "General",
                    "kuid": "fc30d0628b39436ab952ac4333cf5743",
                    "originalPropertyKey": "text",
                    "propertyIndex": 11,
                    "propertyKey": "rememberUsernameText",
                    "pw": {
                        "access": "readwrite",
                        "category": "look",
                        "dependentKeysKUIDs": null,
                        "displayName": "rememberUsernameText",
                        "srcWidget": "lblRememberMe",
                        "type": "string",
                        "uiRepresentation": "Label-Textbox",
                        "wType": "Label"
                    },
                    "srcWgtKUID": "ae20842be156444ca812736fdad4065d"
                },
                {
                    "access": "Enable",
                    "defaultSkinKUID": "saa080e8124748f68e83b24b151e0c0d",
                    "group": "General",
                    "kuid": "db5975e59c134df3ac6f5f190821b46b",
                    "originalPropertyKey": "placeholderSkin",
                    "propertyIndex": 12,
                    "propertyKey": "userNamePlaceholderSkin",
                    "pw": {
                        "access": "readwrite",
                        "category": "skin",
                        "dependentKeysKUIDs": null,
                        "displayName": "userNamePlaceholderSkin",
                        "srcWidget": "tbxUserName",
                        "wType": "TextField"
                    },
                    "srcWgtKUID": "ce03d3b81e34449d8d472cdc3b284c10"
                },
                {
                    "access": "Enable",
                    "defaultSkinKUID": "saa080e8124748f68e83b24b151e0c0d",
                    "group": "General",
                    "kuid": "ce8a3e2a5319459d8d713a4543baa910",
                    "originalPropertyKey": "placeholderSkin",
                    "propertyIndex": 13,
                    "propertyKey": "passwordPlaceholderSkin",
                    "pw": {
                        "access": "readwrite",
                        "category": "skin",
                        "dependentKeysKUIDs": null,
                        "displayName": "passwordPlaceholderSkin",
                        "srcWidget": "tbxPassword",
                        "wType": "TextField"
                    },
                    "srcWgtKUID": "j94dce0c167d45089a1dec6f28406cf8"
                }
            ]
        },
        "widgets": {
            "expose": [],
            "passthrough": []
        }
    },
    "namespace": "com.edification",
    "version": "1.0.0"
}